factory_id,dc_id,distance_km,congestion_factor
F1,D1,860.5484009610185,1.3340329508700197
F1,D2,707.0741098504276,1.432487857786304
F1,D3,401.51860316912945,1.4831889804147431
F2,D1,737.2215024301066,1.5932372691732657
F2,D2,613.958808565366,1.3619184413061878
F2,D3,187.0747221316092,1.4841100893775516
