supplier_id,factory_id,distance_km,congestion_factor
S1,F1,605.5201966350866,1.0980565498467265
S1,F2,528.4243169402145,1.252753939553017
S2,F1,340.92617213484766,1.2975244898502103
S2,F2,310.70390832087315,1.1696356229480955
S3,F1,872.9901885790036,1.28472175888175
S3,F2,694.6593500281367,1.4437302412567514
