factory,dc,mode,flow
F1,D1,road,10.057812748482188
F1,D1,rail,122.70134345986641
F1,D2,road,79.17239135864132
F1,D2,rail,169.48978858427785
F1,D3,road,0.5452748321789657
F1,D3,rail,1.5592421419256866
F2,D1,road,13.011626544471357
F2,D1,rail,116.19750660386195
F2,D2,road,4.715423853057189
F2,D2,rail,24.592229543087292
F2,D3,road,0.25994453639395537
F2,D3,rail,270.99785144098684
