factory,dc,mode,flow
F1,D1,road,10.33712196298931
F1,D1,rail,122.69290175144538
F1,D2,road,79.90654292233421
F1,D2,rail,182.4754465880748
F1,D3,road,1.0019478294643234
F1,D3,rail,40.91638104217907
F2,D1,road,14.362022745518075
F2,D1,rail,115.707784352483
F2,D2,road,12.134366449239732
F2,D2,rail,23.976305985734218
F2,D3,road,0.25784377114743373
F2,D3,rail,271.19623786559197
