dc,customer,flow
D1,C1,40.53760282490395
D1,C2,333.0396788149518
D1,C3,246.56951409299634
D1,C4,337.7846469519883
D1,C5,161.33338101639777
D2,C1,31.740898472964602
D2,C2,198.1855850972594
D2,C3,98.16551270153009
D2,C4,574.639451244407
D2,C5,225.20645599732381
D3,C1,41.027921935144676
D3,C2,313.86432471246184
D3,C3,278.7915631439824
D3,C4,338.28270535791023
D3,C5,254.23628491462702
