supplier,factory,mode,flow
S1,F1,road,61.96241701390296
S1,F1,rail,54.59134409157722
S1,F2,road,60.820682799288484
S1,F2,rail,56.40302802728249
S2,F1,road,32.52065515968085
S2,F1,rail,65.26971829617537
S2,F2,road,0.7228437090106568
S2,F2,rail,120.54669427692363
S3,F1,road,13.864868862979016
S3,F1,rail,107.82050714114968
S3,F2,road,144.80794576276352
S3,F2,rail,58.06338566457669
