factory,dc,mode,flow
F1,D1,road,25.024522077935266
F1,D1,rail,45.51600894304798
F1,D2,road,15.325775593210643
F1,D2,rail,170.14447183956318
F1,D3,road,0.04470273398398261
F1,D3,rail,6.75891529514111
F2,D1,road,11.114402259346557
F2,D1,rail,85.66997600746697
F2,D2,road,0.21457056577521533
F2,D2,rail,0.4083120907183444
F2,D3,road,0.2547767336291678
F2,D3,rail,270.97580247888385
