supplier,factory,mode,flow
S1,F1,road,62.73963751268305
S1,F1,rail,62.12495154370077
S1,F2,road,22.17939734905448
S1,F2,rail,52.88139376002219
S2,F1,road,32.3009750325303
S2,F1,rail,108.31823508003154
S2,F2,road,0.569505692759375
S2,F2,rail,120.21961730153478
S3,F1,road,11.3248381580247
S3,F1,rail,107.73862104217714
S3,F2,road,130.34506536759673
S3,F2,rail,62.54838770969475
