supplier,factory,mode,flow
S1,F1,road,9.136682393217173
S1,F1,rail,64.97093797389863
S1,F2,road,2.7134396432853123
S1,F2,rail,56.16043076412924
S2,F1,road,4.811807848887586
S2,F1,rail,59.36818890695179
S2,F2,road,1.4709916256888245
S2,F2,rail,121.24118794233038
S3,F1,road,11.361141197322626
S3,F1,rail,108.98516908442292
S3,F2,road,150.26262224665976
S3,F2,rail,57.4232730520545
