supplier,factory,flow
S1,F1,77.26637641421112
S1,F2,17.420904312413004
S2,F1,138.65417035126728
S2,F2,167.63216233135626
S3,F1,1.4535412377518693
S3,F2,8.351128677432099
