factory,dc,mode,flow
F1,D1,road,662.1052550130271
F1,D1,rail,165.98724574858903
F1,D2,road,1882.6224360185238
F1,D2,rail,620.7169454011732
F1,D3,road,158.6657763493797
F1,D3,rail,1332.3283235274487
F2,D1,road,590.6326102484693
F2,D1,rail,1662.7339770695007
F2,D2,road,201.84474662443162
F2,D2,rail,1880.3338801662494
F2,D3,road,159.10636624601756
F2,D3,rail,328.04368916017245
