supplier,factory,mode,flow
S1,F1,road,153.92446217558586
S1,F1,rail,520.9909490402247
S1,F2,road,892.0397045837937
S1,F2,rail,145.82804914883974
S2,F1,road,223.37047609558027
S2,F1,rail,467.9843451846458
S2,F2,road,170.4942453245993
S2,F2,rail,825.8284853284185
S3,F1,road,726.0162825175015
S3,F1,rail,4.558603299363751
S3,F2,road,265.2365580376367
S3,F2,rail,752.676472947165
