factory,dc,flow
F1,D1,7.512619280272361
F1,D2,38.64765695639678
F1,D3,0.05654588723057896
F2,D1,72.45067220153767
F2,D2,2.243190136914467
F2,D3,17.426405275256833
